{
  "SQuAD": {
    "evaluate-v2": {
      "exact": 38.10325949633623,
      "f1": 42.00851764027351,
      "total": 11873,
      "HasAns_exact": 75.74224021592443,
      "HasAns_f1": 83.56395579334807,
      "HasAns_total": 5928,
      "NoAns_exact": 0.5719091673675357,
      "NoAns_f1": 0.5719091673675357,
      "NoAns_total": 5945
    },
    "bleu": {
      "bleu": 0.3713713410492589,
      "HasAns_bleu": 0.7438076808835781,
      "NoAns_bleu": 0.0
    },
    "rouge": {
      "rouge": {
        "rouge1": {
          "f": 0.41703090792109215,
          "p": 0.4295700152618609,
          "r": 0.4299896893437393
        },
        "rouge2": {
          "f": 0.26668930927722884,
          "p": 0.2751945173960878,
          "r": 0.2764886301827184
        },
        "rougeL": {
          "f": 0.41692463072495767,
          "p": 0.4294273883357169,
          "r": 0.42984741717048797
        }
      },
      "HasAns_rouge": {
        "rouge1": {
          "f": 0.8352577546806894,
          "p": 0.8603719283407683,
          "r": 0.861212480023316
        },
        "rouge2": {
          "f": 0.5341434158313998,
          "p": 0.551178222848136,
          "r": 0.5537701596085384
        },
        "rougeL": {
          "f": 0.8350448955123857,
          "p": 0.8600862654706423,
          "r": 0.8609275276763164
        }
      },
      "NoAns_rouge": {
        "rouge1": {
          "f": 0.0,
          "p": 0.0,
          "r": 0.0
        },
        "rouge2": {
          "f": 0.0,
          "p": 0.0,
          "r": 0.0
        },
        "rougeL": {
          "f": 0.0,
          "p": 0.0,
          "r": 0.0
        }
      }
    },
    "bertscore": {
      "BERTScore": {
        "Precision": 0.47205305099487305,
        "Recall": 0.47348666191101074,
        "F1": 0.4726311266422272
      },
      "HasAns_BERTScore": {
        "Precision": 0.9454598426818848,
        "Recall": 0.9483311176300049,
        "F1": 0.946617603302002
      },
      "NoAns_BERTScore": {
        "Precision": 0.0,
        "Recall": 0.0,
        "F1": 0.0
      }
    }
  },
  "G": {
    "bleu": {
      "bleu": 0.4431238559567069,
      "HasAns_bleu": 0.4431238559567069,
      "NoAns_bleu": 0.0
    },
    "rouge": {
      "rouge": {
        "rouge1": {
          "f": 0.5277693694694063,
          "p": 0.6262632173056784,
          "r": 0.5305569423150569
        },
        "rouge2": {
          "f": 0.38736867471171427,
          "p": 0.47546464080306394,
          "r": 0.385469310434219
        },
        "rougeL": {
          "f": 0.5267901757700864,
          "p": 0.6252845290877621,
          "r": 0.528593997499511
        }
      },
      "HasAns_rouge": {
        "rouge1": {
          "f": 0.5277693694694063,
          "p": 0.6262632173056784,
          "r": 0.5305569423150569
        },
        "rouge2": {
          "f": 0.38736867471171427,
          "p": 0.47546464080306394,
          "r": 0.385469310434219
        },
        "rougeL": {
          "f": 0.5267901757700864,
          "p": 0.6252845290877621,
          "r": 0.528593997499511
        }
      },
      "NoAns_rouge": {
        "rouge1": {
          "f": 0.0,
          "p": 0.0,
          "r": 0.0
        },
        "rouge2": {
          "f": 0.0,
          "p": 0.0,
          "r": 0.0
        },
        "rougeL": {
          "f": 0.0,
          "p": 0.0,
          "r": 0.0
        }
      }
    },
    "evaluate-v2": {
      "exact": 39.51905626134301,
      "f1": 55.87480250644238,
      "total": 2204,
      "HasAns_exact": 39.51905626134301,
      "HasAns_f1": 55.87480250644238,
      "HasAns_total": 2204
    },
    "bertscore": {
      "BERTScore": {
        "Precision": 0.7112921476364136,
        "Recall": 0.6901181936264038,
        "F1": 0.6985301375389099
      },
      "HasAns_BERTScore": {
        "Precision": 0.7112921476364136,
        "Recall": 0.6901181936264038,
        "F1": 0.6985301375389099
      },
      "NoAns_BERTScore": {
        "Precision": 0.0,
        "Recall": 0.0,
        "F1": 0.0
      }
    }
  }
}