{
  "SQuAD": {
    "evaluate-v2": {
      "exact": 38.10325949633623,
      "f1": 42.00851764027351,
      "total": 11873,
      "HasAns_exact": 75.74224021592443,
      "HasAns_f1": 83.56395579334807,
      "HasAns_total": 5928,
      "NoAns_exact": 0.5719091673675357,
      "NoAns_f1": 0.5719091673675357,
      "NoAns_total": 5945
    },
    "bleu": {
      "bleu": 0.3713713410492589
    },
    "rouge": {
      "rouge1": {
        "f": 0.41703090792109215,
        "p": 0.4295700152618609,
        "r": 0.4299896893437393
      },
      "rouge2": {
        "f": 0.26668930927722884,
        "p": 0.2751945173960878,
        "r": 0.2764886301827184
      },
      "rougeL": {
        "f": 0.41692463072495767,
        "p": 0.4294273883357169,
        "r": 0.42984741717048797
      }
    },
    "bertscore": {
      "Precision": 0.47205305099487305,
      "Recall": 0.47348666191101074,
      "F1": 0.4726311266422272
    }
  }
}