{
    "evaluate-v2": {
        "exact": 21.367809315253094,
        "f1": 30.205930933060998,
        "total": 11873,
        "HasAns_exact": 34.9527665317139,
        "HasAns_f1": 52.654355257799125,
        "HasAns_total": 5928,
        "NoAns_exact": 7.821698906644239,
        "NoAns_f1": 7.821698906644239,
        "NoAns_total": 5945
    },
    "bleu": {
        "bleu": 0.20807731701934057
    },
    "rouge": {
        "rouge1": {
            "f": 0.25099042783029946,
            "p": 0.23413878824129086,
            "r": 0.36061227923229294
        },
        "rouge2": {
            "f": 0.1660334825330572,
            "p": 0.15561138505165448,
            "r": 0.24134667771166482
        },
        "rougeL": {
            "f": 0.2506339627138539,
            "p": 0.23384480443601038,
            "r": 0.3598681186148574
        }
    }
}