{
  "SQuAD": {
    "evaluate-v2": {
      "exact": 20.567674555714646,
      "f1": 29.574832190909497,
      "total": 11873,
      "HasAns_exact": 33.890013495276655,
      "HasAns_f1": 51.93015900854734,
      "HasAns_total": 5928,
      "NoAns_exact": 7.283431455004205,
      "NoAns_f1": 7.283431455004205,
      "NoAns_total": 5945
    },
    "bleu": {
      "bleu": 0.20857952173645714
    },
    "rouge": {
      "rouge1": {
        "f": 0.24930978797282208,
        "p": 0.23002913458863983,
        "r": 0.3556491511970441
      },
      "rouge2": {
        "f": 0.1660522215425253,
        "p": 0.1535668873363908,
        "r": 0.2372848121771258
      },
      "rougeL": {
        "f": 0.24886142835271044,
        "p": 0.22965850445391398,
        "r": 0.3545604018388578
      }
    },
    "bertscore": {
      "Precision": 0.41480785608291626,
      "Recall": 0.43056720495224,
      "F1": 0.42217427492141724
    }
  }
}