{
  "SQuAD": {
    "evaluate-v2": {
      "exact": 20.752968921081447,
      "f1": 29.611688974102314,
      "total": 11873,
      "HasAns_exact": 33.97435897435897,
      "HasAns_f1": 51.717203641956274,
      "HasAns_total": 5928,
      "NoAns_exact": 7.569386038687973,
      "NoAns_f1": 7.569386038687973,
      "NoAns_total": 5945
    },
    "bleu": {
      "bleu": 0.20451658790575586,
      "HasAns_bleu": 0.4096196774974763,
      "NoAns_bleu": 0.0
    },
    "rouge": {
      "rouge": {
        "rouge1": {
          "f": 0.2468377989815977,
          "p": 0.22976954820049605,
          "r": 0.3511477826234795
        },
        "rouge2": {
          "f": 0.16368113799913656,
          "p": 0.1530926070176749,
          "r": 0.23362737380640475
        },
        "rougeL": {
          "f": 0.24644040935690115,
          "p": 0.22944436270896748,
          "r": 0.3503267613904555
        }
      },
      "HasAns_rouge": {
        "rouge1": {
          "f": 0.49438346614516016,
          "p": 0.4601980171701231,
          "r": 0.7033025679973975
        },
        "rouge2": {
          "f": 0.3278316719743165,
          "p": 0.3066242447909673,
          "r": 0.46792473164700465
        },
        "rougeL": {
          "f": 0.49358754728314563,
          "p": 0.45954671363757943,
          "r": 0.7016581710507555
        }
      },
      "NoAns_rouge": {
        "rouge1": {
          "f": 0.0,
          "p": 0.0,
          "r": 0.0
        },
        "rouge2": {
          "f": 0.0,
          "p": 0.0,
          "r": 0.0
        },
        "rougeL": {
          "f": 0.0,
          "p": 0.0,
          "r": 0.0
        }
      }
    },
    "bertscore": {
      "BERTScore": {
        "Precision": 0.41032204031944275,
        "Recall": 0.4252893924713135,
        "F1": 0.417297899723053
      },
      "HasAns_BERTScore": {
        "Precision": 0.8218207359313965,
        "Recall": 0.851798415184021,
        "F1": 0.8357925415039062
      },
      "NoAns_BERTScore": {
        "Precision": 0.0,
        "Recall": 0.0,
        "F1": 0.0
      }
    }
  },
  "G": {
    "evaluate-v2": {
      "exact": 40.471869328493646,
      "f1": 57.78658436164496,
      "total": 2204,
      "HasAns_exact": 40.471869328493646,
      "HasAns_f1": 57.78658436164496,
      "HasAns_total": 2204
    },
    "bleu": {
      "bleu": 0.4703571436086342,
      "HasAns_bleu": 0.4703571436086342,
      "NoAns_bleu": 0.0
    },
    "rouge": {
      "rouge": {
        "rouge1": {
          "f": 0.5494355502771309,
          "p": 0.5579983178358426,
          "r": 0.6679540029326916
        },
        "rouge2": {
          "f": 0.4314423131281406,
          "p": 0.4429026111963951,
          "r": 0.5059188567047723
        },
        "rougeL": {
          "f": 0.5466985604422802,
          "p": 0.5554876754163465,
          "r": 0.6591105275291507
        }
      },
      "HasAns_rouge": {
        "rouge1": {
          "f": 0.5494355502771309,
          "p": 0.5579983178358426,
          "r": 0.6679540029326916
        },
        "rouge2": {
          "f": 0.4314423131281406,
          "p": 0.4429026111963951,
          "r": 0.5059188567047723
        },
        "rougeL": {
          "f": 0.5466985604422802,
          "p": 0.5554876754163465,
          "r": 0.6591105275291507
        }
      },
      "NoAns_rouge": {
        "rouge1": {
          "f": 0.0,
          "p": 0.0,
          "r": 0.0
        },
        "rouge2": {
          "f": 0.0,
          "p": 0.0,
          "r": 0.0
        },
        "rougeL": {
          "f": 0.0,
          "p": 0.0,
          "r": 0.0
        }
      }
    },
    "bertscore": {
      "BERTScore": {
        "Precision": NaN,
        "Recall": 0.8293522596359253,
        "F1": 0.7933464646339417
      },
      "HasAns_BERTScore": {
        "Precision": NaN,
        "Recall": 0.8293522596359253,
        "F1": 0.7933464646339417
      },
      "NoAns_BERTScore": {
        "Precision": 0.0,
        "Recall": 0.0,
        "F1": 0.0
      }
    }
  }
}