{
    "SQuAD": {
        "evaluate-v2": {
            "exact": 20.752968921081447,
            "f1": 29.611688974102314,
            "total": 11873,
            "HasAns_exact": 33.97435897435897,
            "HasAns_f1": 51.717203641956274,
            "HasAns_total": 5928,
            "NoAns_exact": 7.569386038687973,
            "NoAns_f1": 7.569386038687973,
            "NoAns_total": 5945
        },
        "bleu": {
            "bleu": 0.20451658790575586
        },
        "rouge": {
            "rouge1": {
                "f": 0.2468377989815977,
                "p": 0.22976954820049605,
                "r": 0.3511477826234795
            },
            "rouge2": {
                "f": 0.16368113799913656,
                "p": 0.1530926070176749,
                "r": 0.23362737380640475
            },
            "rougeL": {
                "f": 0.24644040935690115,
                "p": 0.22944436270896748,
                "r": 0.3503267613904555
            }
        },
        "bertscore": {
            "Precision": 0.41032204031944275,
            "Recall": 0.4252893924713135,
            "F1": 0.417297899723053
        }
    }
}