{
  "SQuAD": {
    "evaluate-v2": {
      "exact": 20.567674555714646,
      "f1": 29.574832190909497,
      "total": 11873,
      "HasAns_exact": 33.890013495276655,
      "HasAns_f1": 51.93015900854734,
      "HasAns_total": 5928,
      "NoAns_exact": 7.283431455004205,
      "NoAns_f1": 7.283431455004205,
      "NoAns_total": 5945
    },
    "bleu": {
      "bleu": 0.20857952173645714,
      "HasAns_bleu": 0.4177571966222935,
      "NoAns_bleu": 0.0
    },
    "rouge": {
      "rouge": {
        "rouge1": {
          "f": 0.24930978797282208,
          "p": 0.23002913458863983,
          "r": 0.3556491511970441
        },
        "rouge2": {
          "f": 0.1660522215425253,
          "p": 0.1535668873363908,
          "r": 0.2372848121771258
        },
        "rougeL": {
          "f": 0.24886142835271044,
          "p": 0.22965850445391398,
          "r": 0.3545604018388578
        }
      },
      "HasAns_rouge": {
        "rouge1": {
          "f": 0.4993345331648645,
          "p": 0.46071793437431185,
          "r": 0.712318213927548
        },
        "rouge2": {
          "f": 0.332580638727126,
          "p": 0.3075741655440229,
          "r": 0.47525009699376086
        },
        "rougeL": {
          "f": 0.49843652814300454,
          "p": 0.4599756112316668,
          "r": 0.710137592954244
        }
      },
      "NoAns_rouge": {
        "rouge1": {
          "f": 0.0,
          "p": 0.0,
          "r": 0.0
        },
        "rouge2": {
          "f": 0.0,
          "p": 0.0,
          "r": 0.0
        },
        "rougeL": {
          "f": 0.0,
          "p": 0.0,
          "r": 0.0
        }
      }
    },
    "bertscore": {
      "BERTScore": {
        "Precision": 0.41480782628059387,
        "Recall": 0.43056720495224,
        "F1": 0.42217421531677246
      },
      "HasAns_BERTScore": {
        "Precision": 0.8308051824569702,
        "Recall": 0.8623691201210022,
        "F1": 0.8455592393875122
      },
      "NoAns_BERTScore": {
        "Precision": 0.0,
        "Recall": 0.0,
        "F1": 0.0
      }
    }
  }
}