{
  "SQuAD": {
    "evaluate-v2": {
      "exact": 27.996294112692663,
      "f1": 37.94423434263565,
      "total": 11873,
      "HasAns_exact": 50.219298245614034,
      "HasAns_f1": 70.14370687417554,
      "HasAns_total": 5928,
      "NoAns_exact": 5.836837678721615,
      "NoAns_f1": 5.836837678721615,
      "NoAns_total": 5945
    },
    "bleu": {
      "bleu": 0.2838628172062601
    },
    "rouge": {
      "rouge1": {
        "f": 0.3347762651196623,
        "p": 0.3174321094224665,
        "r": 0.4165519829822822
      },
      "rouge2": {
        "f": 0.21959615537410043,
        "p": 0.20742112965568907,
        "r": 0.2772849539445342
      },
      "rougeL": {
        "f": 0.3344335807147907,
        "p": 0.31708760425180693,
        "r": 0.4158538480833955
      }
    },
    "bertscore": {
      "Precision": 0.44618305563926697,
      "Recall": 0.45747578144073486,
      "F1": 0.45152756571769714
    }
  }
}