{
  "SQuAD": {
    "evaluate-v2": {
      "exact": 27.996294112692663,
      "f1": 37.94423434263565,
      "total": 11873,
      "HasAns_exact": 50.219298245614034,
      "HasAns_f1": 70.14370687417554,
      "HasAns_total": 5928,
      "NoAns_exact": 5.836837678721615,
      "NoAns_f1": 5.836837678721615,
      "NoAns_total": 5945
    },
    "bleu": {
      "bleu": 0.2838628172062601,
      "HasAns_bleu": 0.5685396809530915,
      "NoAns_bleu": 0.0
    },
    "rouge": {
      "rouge": {
        "rouge1": {
          "f": 0.3347762651196623,
          "p": 0.3174321094224665,
          "r": 0.4165519829822822
        },
        "rouge2": {
          "f": 0.21959615537410043,
          "p": 0.20742112965568907,
          "r": 0.2772849539445342
        },
        "rougeL": {
          "f": 0.3344335807147907,
          "p": 0.31708760425180693,
          "r": 0.4158538480833955
        }
      },
      "HasAns_rouge": {
        "rouge1": {
          "f": 0.6705125836311995,
          "p": 0.635774533598675,
          "r": 0.8342985313678536
        },
        "rouge2": {
          "f": 0.43982205680780945,
          "p": 0.4154370904861667,
          "r": 0.5553650907866826
        },
        "rougeL": {
          "f": 0.669826232089526,
          "p": 0.6350845353039312,
          "r": 0.8329002594963149
        }
      },
      "NoAns_rouge": {
        "rouge1": {
          "f": 0.0,
          "p": 0.0,
          "r": 0.0
        },
        "rouge2": {
          "f": 0.0,
          "p": 0.0,
          "r": 0.0
        },
        "rougeL": {
          "f": 0.0,
          "p": 0.0,
          "r": 0.0
        }
      }
    },
    "bertscore": {
      "BERTScore": {
        "Precision": 0.44618305563926697,
        "Recall": 0.45747581124305725,
        "F1": 0.45152756571769714
      },
      "HasAns_BERTScore": {
        "Precision": 0.8936456441879272,
        "Recall": 0.9162634015083313,
        "F1": 0.9043499827384949
      },
      "NoAns_BERTScore": {
        "Precision": 0.0,
        "Recall": 0.0,
        "F1": 0.0
      }
    }
  },
  "G": {
    "evaluate-v2": {
      "exact": 46.960072595281304,
      "f1": 63.202063552820334,
      "total": 2204,
      "HasAns_exact": 46.960072595281304,
      "HasAns_f1": 63.202063552820334,
      "HasAns_total": 2204
    },
    "bleu": {
      "bleu": 0.5243303722018388,
      "HasAns_bleu": 0.5243303722018388,
      "NoAns_bleu": 0.0
    },
    "rouge": {
      "rouge": {
        "rouge1": {
          "f": 0.6011050491013941,
          "p": 0.6080291463289906,
          "r": 0.7051227843868244
        },
        "rouge2": {
          "f": 0.4756511424214113,
          "p": 0.48669457388651494,
          "r": 0.5324366025510928
        },
        "rougeL": {
          "f": 0.5987605262083946,
          "p": 0.6058394504832213,
          "r": 0.697480274568065
        }
      },
      "HasAns_rouge": {
        "rouge1": {
          "f": 0.6011050491013941,
          "p": 0.6080291463289906,
          "r": 0.7051227843868244
        },
        "rouge2": {
          "f": 0.4756511424214113,
          "p": 0.48669457388651494,
          "r": 0.5324366025510928
        },
        "rougeL": {
          "f": 0.5987605262083946,
          "p": 0.6058394504832213,
          "r": 0.697480274568065
        }
      },
      "NoAns_rouge": {
        "rouge1": {
          "f": 0.0,
          "p": 0.0,
          "r": 0.0
        },
        "rouge2": {
          "f": 0.0,
          "p": 0.0,
          "r": 0.0
        },
        "rougeL": {
          "f": 0.0,
          "p": 0.0,
          "r": 0.0
        }
      }
    },
    "bertscore": {
      "BERTScore": {
        "Precision": 0.8025526404380798,
        "Recall": 0.836561918258667,
        "F1": 0.8162722587585449
      },
      "HasAns_BERTScore": {
        "Precision": 0.8025526404380798,
        "Recall": 0.836561918258667,
        "F1": 0.8162722587585449
      },
      "NoAns_BERTScore": {
        "Precision": 0.0,
        "Recall": 0.0,
        "F1": 0.0
      }
    }
  }
}