{
    "distilbert-base-cased-distilled-squad": {
        "SQuAD": 1111.9901838302612,
        "G": 2.7900540828704834
    },
    "bert-large-cased-whole-word-masking-finetuned-squad": {
        "SQuAD": 5821.23713517189,
        "G": 2609.031780719757
    },
    "mdeberta-v3-base-squad2": {
        "SQuAD": 2181.016819000244,
        "G": 2.233182907104492
    },
    "roberta-base-squad2": {
        "SQuAD": 972.2110531330109,
        "G": 1275.535579919815
    },
    "roberta-large-squad2": {
        "SQuAD": 3111.0540120601654,
        "G": 3639.902356147766
    },
    "xlm-roberta-base-squad2": {
        "SQuAD": 1065.31574010849,
        "G": 754.472384929657
    },
    "bert-multi-english-german-squad2": {
        "SQuAD": 2087.6389451026917,
        "G": 635.8039100170135
    },
    "gelectra-base-germanquad-distilled": {
        "SQuAD": 1889.306096792221,
        "G": 660.3432490825653
    },
    "gelectra-base-germanquad": {
        "SQuAD": 1909.5394320487976,
        "G": 665.0302078723907
    },
    "gelectra-large-germanquad": {
        "SQuAD": 5888.141892194748,
        "G": 1986.069657087326
    }
}