{
  "evaluate-v2": {
    "exact": 36.93253600606418,
    "f1": 41.97579679255722,
    "total": 11873,
    "HasAns_exact": 71.00202429149797,
    "HasAns_f1": 81.10300865688797,
    "HasAns_total": 5928,
    "NoAns_exact": 2.960470984020185,
    "NoAns_f1": 2.960470984020185,
    "NoAns_total": 5945
  },
  "rouge": {
    "rouge1": {
      "f": 0.3932252734293116,
      "p": 0.4076797392089635,
      "r": 0.41223964439329
    },
    "rouge2": {
      "f": 0.24785514816399015,
      "p": 0.25880571344156283,
      "r": 0.2601074393574623
    },
    "rougeL": {
      "f": 0.39291613819069043,
      "p": 0.40732430021727006,
      "r": 0.41181374941575866
    }
  },
  "bertscore": {
    "Precision": 0.46670737862586975,
    "Recall": 0.46812596917152405,
    "F1": 0.46723511815071106
  }
}