{
  "SQuAD": {
    "evaluate-v2": {
      "exact": 39.98147056346332,
      "f1": 44.41651075265484,
      "total": 11873,
      "HasAns_exact": 77.19298245614036,
      "HasAns_f1": 86.07578140456664,
      "HasAns_total": 5928,
      "NoAns_exact": 2.8763666947014297,
      "NoAns_f1": 2.8763666947014297,
      "NoAns_total": 5945
    },
    "bleu": {
      "bleu": 0.36583188847681886,
      "HasAns_bleu": 0.7327128899941414,
      "NoAns_bleu": 0.0
    },
    "rouge": {
      "rouge": {
        "rouge1": {
          "f": 0.4167687049118798,
          "p": 0.43449986936361146,
          "r": 0.4289378103772013
        },
        "rouge2": {
          "f": 0.26270722789424084,
          "p": 0.275253294386794,
          "r": 0.27068569737966086
        },
        "rougeL": {
          "f": 0.4165783085267299,
          "p": 0.4342834807379676,
          "r": 0.42872729655112013
        }
      },
      "HasAns_rouge": {
        "rouge1": {
          "f": 0.8347325967305581,
          "p": 0.870245774115074,
          "r": 0.8591057055682373
        },
        "rouge2": {
          "f": 0.526167833466316,
          "p": 0.5512959453870455,
          "r": 0.5421476526634131
        },
        "rougeL": {
          "f": 0.8343512579517315,
          "p": 0.8698123763161082,
          "r": 0.8586840742158315
        }
      },
      "NoAns_rouge": {
        "rouge1": {
          "f": 0.0,
          "p": 0.0,
          "r": 0.0
        },
        "rouge2": {
          "f": 0.0,
          "p": 0.0,
          "r": 0.0
        },
        "rougeL": {
          "f": 0.0,
          "p": 0.0,
          "r": 0.0
        }
      }
    },
    "bertscore": {
      "BERTScore": {
        "Precision": 0.4746919870376587,
        "Recall": 0.4750469923019409,
        "F1": 0.4747042655944824
      },
      "HasAns_BERTScore": {
        "Precision": 0.9507452845573425,
        "Recall": 0.9514563083648682,
        "F1": 0.9507699012756348
      },
      "NoAns_BERTScore": {
        "Precision": 0.0,
        "Recall": 0.0,
        "F1": 0.0
      }
    }
  }
}