{
  "SQuAD": {
    "evaluate-v2": {
      "exact": 39.98147056346332,
      "f1": 44.41651075265484,
      "total": 11873,
      "HasAns_exact": 77.19298245614036,
      "HasAns_f1": 86.07578140456664,
      "HasAns_total": 5928,
      "NoAns_exact": 2.8763666947014297,
      "NoAns_f1": 2.8763666947014297,
      "NoAns_total": 5945
    },
    "bleu": {
      "bleu": 0.36583188847681886
    },
    "rouge": {
      "rouge1": {
        "f": 0.4167687049118798,
        "p": 0.43449986936361146,
        "r": 0.4289378103772013
      },
      "rouge2": {
        "f": 0.26270722789424084,
        "p": 0.275253294386794,
        "r": 0.27068569737966086
      },
      "rougeL": {
        "f": 0.4165783085267299,
        "p": 0.4342834807379676,
        "r": 0.42872729655112013
      }
    },
    "bertscore": {
      "Precision": 0.4746919870376587,
      "Recall": 0.4750469923019409,
      "F1": 0.4747042655944824
    }
  }
}