{
  "SQuAD": {
    "evaluate-v2": {
      "exact": 43.04725006316853,
      "f1": 46.69329027821239,
      "total": 11873,
      "HasAns_exact": 86.21794871794872,
      "HasAns_f1": 93.52048506633193,
      "HasAns_total": 5928,
      "NoAns_exact": 0.0,
      "NoAns_f1": 0.0,
      "NoAns_total": 5945
    },
    "bleu": {
      "bleu": 0.3410573481323584,
      "HasAns_bleu": 0.683092762209091,
      "NoAns_bleu": 0.0
    },
    "rouge": {
      "rouge": {
        "rouge1": {
          "f": 0.42446834620399476,
          "p": 0.4401476292594793,
          "r": 0.4371549568354838
        },
        "rouge2": {
          "f": 0.27159869592728064,
          "p": 0.28386011875020534,
          "r": 0.2786558264724217
        },
        "rougeL": {
          "f": 0.42417493190705463,
          "p": 0.43980810756478206,
          "r": 0.4368750510688588
        }
      },
      "HasAns_rouge": {
        "rouge1": {
          "f": 0.8501539599325286,
          "p": 0.8815574902492911,
          "r": 0.8755635631760625
        },
        "rouge2": {
          "f": 0.5439762680068494,
          "p": 0.5685342763024945,
          "r": 0.5581107671570619
        },
        "rougeL": {
          "f": 0.8495662899008872,
          "p": 0.8808774731978167,
          "r": 0.8750029489440893
        }
      },
      "NoAns_rouge": {
        "rouge1": {
          "f": 0.0,
          "p": 0.0,
          "r": 0.0
        },
        "rouge2": {
          "f": 0.0,
          "p": 0.0,
          "r": 0.0
        },
        "rougeL": {
          "f": 0.0,
          "p": 0.0,
          "r": 0.0
        }
      }
    },
    "bertscore": {
      "BERTScore": {
        "Precision": 0.4740900993347168,
        "Recall": 0.4765494167804718,
        "F1": 0.47515133023262024
      },
      "HasAns_BERTScore": {
        "Precision": 0.9495396614074707,
        "Recall": 0.9544654488563538,
        "F1": 0.9516652822494507
      },
      "NoAns_BERTScore": {
        "Precision": 0.0,
        "Recall": 0.0,
        "F1": 0.0
      }
    },
    "overall": 22.641865687057237
  },
  "G": {
    "evaluate-v2": {
      "exact": 56.44283121597096,
      "f1": 73.91606248754229,
      "total": 2204,
      "HasAns_exact": 56.44283121597096,
      "HasAns_f1": 73.91606248754229,
      "HasAns_total": 2204
    },
    "bleu": {
      "bleu": 0.5084195085149241,
      "HasAns_bleu": 0.5084195085149241,
      "NoAns_bleu": 0.0
    },
    "rouge": {
      "rouge": {
        "rouge1": {
          "f": 0.6561257849429653,
          "p": 0.8391472902475631,
          "r": 0.6177343046049301
        },
        "rouge2": {
          "f": 0.4418545574002813,
          "p": 0.6008608086307721,
          "r": 0.4108500693808128
        },
        "rougeL": {
          "f": 0.6556927649593481,
          "p": 0.8384042165235456,
          "r": 0.6173610815693878
        }
      },
      "HasAns_rouge": {
        "rouge1": {
          "f": 0.6561257849429653,
          "p": 0.8391472902475631,
          "r": 0.6177343046049301
        },
        "rouge2": {
          "f": 0.4418545574002813,
          "p": 0.6008608086307721,
          "r": 0.4108500693808128
        },
        "rougeL": {
          "f": 0.6556927649593481,
          "p": 0.8384042165235456,
          "r": 0.6173610815693878
        }
      },
      "NoAns_rouge": {
        "rouge1": {
          "f": 0.0,
          "p": 0.0,
          "r": 0.0
        },
        "rouge2": {
          "f": 0.0,
          "p": 0.0,
          "r": 0.0
        },
        "rougeL": {
          "f": 0.0,
          "p": 0.0,
          "r": 0.0
        }
      }
    },
    "bertscore": {
      "BERTScore": {
        "Precision": 0.8745973110198975,
        "Recall": 0.8313624262809753,
        "F1": 0.8501670956611633
      },
      "HasAns_BERTScore": {
        "Precision": 0.8745973110198975,
        "Recall": 0.8313624262809753,
        "F1": 0.8501670956611633
      },
      "NoAns_BERTScore": {
        "Precision": 0.0,
        "Recall": 0.0,
        "F1": 0.0
      }
    },
    "overall": 32.92543665406755
  }
}