{
  "exact": 36.233470900362164,
  "f1": 41.0843115652993,
  "total": 11873,
  "HasAns_exact": 70.3778677462888,
  "HasAns_f1": 80.0934600564775,
  "HasAns_total": 5928,
  "NoAns_exact": 2.1867115222876365,
  "NoAns_f1": 2.1867115222876365,
  "NoAns_total": 5945,
  "evaluate-v2": {
    "exact": 36.233470900362164,
    "f1": 41.08431156529923,
    "total": 11873,
    "HasAns_exact": 70.3778677462888,
    "HasAns_f1": 80.09346005647738,
    "HasAns_total": 5928,
    "NoAns_exact": 2.1867115222876365,
    "NoAns_f1": 2.1867115222876365,
    "NoAns_total": 5945
  },
  "bleu": {
    "bleu": 0.3372487443250282
  },
  "rouge": {
    "rouge1": {
      "f": 0.3868417553552102,
      "p": 0.40241979614856804,
      "r": 0.40445668457798917
    },
    "rouge2": {
      "f": 0.2415635452983934,
      "p": 0.2536678170925634,
      "r": 0.25276752820954645
    },
    "rougeL": {
      "f": 0.38652183384457733,
      "p": 0.4020698014892379,
      "r": 0.4040372905814389
    }
  }
}