{
  "SQuAD": {
    "evaluate-v2": {
      "exact": 36.233470900362164,
      "f1": 41.08431156529923,
      "total": 11873,
      "HasAns_exact": 70.3778677462888,
      "HasAns_f1": 80.09346005647738,
      "HasAns_total": 5928,
      "NoAns_exact": 2.1867115222876365,
      "NoAns_f1": 2.1867115222876365,
      "NoAns_total": 5945
    },
    "bleu": {
      "bleu": 0.3372487443250282,
      "HasAns_bleu": 0.6754646324849967,
      "NoAns_bleu": 0.0
    },
    "rouge": {
      "rouge": {
        "rouge1": {
          "f": 0.3868417553552102,
          "p": 0.40241979614856804,
          "r": 0.40445668457798917
        },
        "rouge2": {
          "f": 0.2415635452983934,
          "p": 0.2536678170925634,
          "r": 0.25276752820954645
        },
        "rougeL": {
          "f": 0.38652183384457733,
          "p": 0.4020698014892379,
          "r": 0.4040372905814389
        }
      },
      "HasAns_rouge": {
        "rouge1": {
          "f": 0.7747928747186928,
          "p": 0.8059936301740804,
          "r": 0.8100732483121569
        },
        "rouge2": {
          "f": 0.4838198335573254,
          "p": 0.5080630891261817,
          "r": 0.5062599295600447
        },
        "rougeL": {
          "f": 0.7741521142437022,
          "p": 0.8052926371595347,
          "r": 0.8092332576034791
        }
      },
      "NoAns_rouge": {
        "rouge1": {
          "f": 0.0,
          "p": 0.0,
          "r": 0.0
        },
        "rouge2": {
          "f": 0.0,
          "p": 0.0,
          "r": 0.0
        },
        "rougeL": {
          "f": 0.0,
          "p": 0.0,
          "r": 0.0
        }
      }
    },
    "bertscore": {
      "BERTScore": {
        "Precision": 0.4651940166950226,
        "Recall": 0.4663008749485016,
        "F1": 0.46555662155151367
      },
      "HasAns_BERTScore": {
        "Precision": 0.931722104549408,
        "Recall": 0.9339389801025391,
        "F1": 0.9324483275413513
      },
      "NoAns_BERTScore": {
        "Precision": 0.0,
        "Recall": 0.0,
        "F1": 0.0
      }
    }
  },
  "G": {}
}