{
  "exact": 39.73721890002527,
  "f1": 42.86909172749871,
  "total": 11873,
  "HasAns_exact": 78.77867746288798,
  "HasAns_f1": 85.05140453451286,
  "HasAns_total": 5928,
  "NoAns_exact": 0.8074011774600505,
  "NoAns_f1": 0.8074011774600505,
  "NoAns_total": 5945,
  "evaluate-v2": {
    "exact": 39.73721890002527,
    "f1": 42.86909172749867,
    "total": 11873,
    "HasAns_exact": 78.77867746288798,
    "HasAns_f1": 85.0514045345128,
    "HasAns_total": 5928,
    "NoAns_exact": 0.8074011774600505,
    "NoAns_f1": 0.8074011774600505,
    "NoAns_total": 5945
  },
  "bleu": {
    "bleu": 0.35097936864537954
  },
  "rouge": {
    "rouge1": {
      "f": 0.38560375307655037,
      "p": 0.4007657003189619,
      "r": 0.401192256785712
    },
    "rouge2": {
      "f": 0.2422218132477408,
      "p": 0.2525297569817059,
      "r": 0.253233308047064
    },
    "rougeL": {
      "f": 0.385494558702873,
      "p": 0.4006511997476505,
      "r": 0.400949579828641
    }
  }
}