{
  "SQuAD": {
    "evaluate-v2": {
      "exact": 41.16903899604144,
      "f1": 45.120438339948045,
      "total": 11873,
      "HasAns_exact": 82.45614035087719,
      "HasAns_f1": 90.37027064949446,
      "HasAns_total": 5928,
      "NoAns_exact": 0.0,
      "NoAns_f1": 0.0,
      "NoAns_total": 5945
    },
    "bleu": {
      "bleu": 0.3258875756511266,
      "HasAns_bleu": 0.6527097141878924,
      "NoAns_bleu": 0.0
    },
    "rouge": {
      "rouge": {
        "rouge1": {
          "f": 0.40865797331360987,
          "p": 0.4292601743035496,
          "r": 0.4182229540191808
        },
        "rouge2": {
          "f": 0.25559709021992716,
          "p": 0.27176404526063397,
          "r": 0.26045123733824793
        },
        "rougeL": {
          "f": 0.4085441372962062,
          "p": 0.4290832021418221,
          "r": 0.41813575879121956
        }
      },
      "HasAns_rouge": {
        "rouge1": {
          "f": 0.8184878740135779,
          "p": 0.8597513578788875,
          "r": 0.8376452653626406
        },
        "rouge2": {
          "f": 0.5119271680467603,
          "p": 0.5443074408534931,
          "r": 0.5216493827457857
        },
        "rougeL": {
          "f": 0.8182598755259541,
          "p": 0.8593969060441724,
          "r": 0.8374706248529268
        }
      },
      "NoAns_rouge": {
        "rouge1": {
          "f": 0.0,
          "p": 0.0,
          "r": 0.0
        },
        "rouge2": {
          "f": 0.0,
          "p": 0.0,
          "r": 0.0
        },
        "rougeL": {
          "f": 0.0,
          "p": 0.0,
          "r": 0.0
        }
      }
    },
    "bertscore": {
      "BERTScore": {
        "Precision": 0.47239217162132263,
        "Recall": 0.47377079725265503,
        "F1": 0.4728892147541046
      },
      "HasAns_BERTScore": {
        "Precision": 0.9461391568183899,
        "Recall": 0.9489003419876099,
        "F1": 0.9471345543861389
      },
      "NoAns_BERTScore": {
        "Precision": 0.0,
        "Recall": 0.0,
        "F1": 0.0
      }
    }
  },
  "G": {
    "evaluate-v2": {
      "exact": 54.53720508166969,
      "f1": 72.7517974646729,
      "total": 2204,
      "HasAns_exact": 54.53720508166969,
      "HasAns_f1": 72.7517974646729,
      "HasAns_total": 2204
    },
    "bleu": {
      "bleu": 0.5001444338464095,
      "HasAns_bleu": 0.5001444338464095,
      "NoAns_bleu": 0.0
    },
    "rouge": {
      "rouge": {
        "rouge1": {
          "f": 0.6419623888905118,
          "p": 0.818688079917662,
          "r": 0.6004909465318538
        },
        "rouge2": {
          "f": 0.43234255861563614,
          "p": 0.5825638089476564,
          "r": 0.3985364226580084
        },
        "rougeL": {
          "f": 0.6416090654705741,
          "p": 0.8179948958079626,
          "r": 0.6002144090875046
        }
      },
      "HasAns_rouge": {
        "rouge1": {
          "f": 0.6419623888905118,
          "p": 0.818688079917662,
          "r": 0.6004909465318538
        },
        "rouge2": {
          "f": 0.43234255861563614,
          "p": 0.5825638089476564,
          "r": 0.3985364226580084
        },
        "rougeL": {
          "f": 0.6416090654705741,
          "p": 0.8179948958079626,
          "r": 0.6002144090875046
        }
      },
      "NoAns_rouge": {
        "rouge1": {
          "f": 0.0,
          "p": 0.0,
          "r": 0.0
        },
        "rouge2": {
          "f": 0.0,
          "p": 0.0,
          "r": 0.0
        },
        "rougeL": {
          "f": 0.0,
          "p": 0.0,
          "r": 0.0
        }
      }
    },
    "bertscore": {
      "BERTScore": {
        "Precision": 0.8710420727729797,
        "Recall": 0.8281718492507935,
        "F1": 0.8469294905662537
      },
      "HasAns_BERTScore": {
        "Precision": 0.8710420727729797,
        "Recall": 0.8281718492507935,
        "F1": 0.8469294905662537
      },
      "NoAns_BERTScore": {
        "Precision": 0.0,
        "Recall": 0.0,
        "F1": 0.0
      }
    }
  }
}