{
  "SQuAD": {
    "evaluate-v2": {
      "exact": 41.16903899604144,
      "f1": 45.120438339948045,
      "total": 11873,
      "HasAns_exact": 82.45614035087719,
      "HasAns_f1": 90.37027064949446,
      "HasAns_total": 5928,
      "NoAns_exact": 0.0,
      "NoAns_f1": 0.0,
      "NoAns_total": 5945
    },
    "bleu": {
      "bleu": 0.3258875756511266
    },
    "rouge": {
      "rouge1": {
        "f": 0.40865797331360987,
        "p": 0.4292601743035496,
        "r": 0.4182229540191808
      },
      "rouge2": {
        "f": 0.25559709021992716,
        "p": 0.27176404526063397,
        "r": 0.26045123733824793
      },
      "rougeL": {
        "f": 0.4085441372962062,
        "p": 0.4290832021418221,
        "r": 0.41813575879121956
      }
    },
    "bertscore": {
      "Precision": 0.4723922312259674,
      "Recall": 0.47377079725265503,
      "F1": 0.4728892147541046
    }
  }
}