{
  "SQuAD": {
    "evaluate-v2": {
      "exact": 42.103933294028465,
      "f1": 45.67169337842289,
      "total": 11873,
      "HasAns_exact": 84.2948717948718,
      "HasAns_f1": 91.44062339440198,
      "HasAns_total": 5928,
      "NoAns_exact": 0.0336417157275021,
      "NoAns_f1": 0.0336417157275021,
      "NoAns_total": 5945
    },
    "bleu": {
      "bleu": 0.37563825404180334
    },
    "rouge": {
      "rouge1": {
        "f": 0.4122374900158793,
        "p": 0.4335389892494247,
        "r": 0.4205339254966478
      },
      "rouge2": {
        "f": 0.2582940917086005,
        "p": 0.2740862422808854,
        "r": 0.26292064602656096
      },
      "rougeL": {
        "f": 0.4119207146741637,
        "p": 0.4331427028197011,
        "r": 0.42023562858786356
      }
    },
    "bertscore": {
      "Precision": 0.47989964485168457,
      "Recall": 0.47880861163139343,
      "F1": 0.4791926443576813
    }
  }
}