{
  "SQuAD": {
    "evaluate-v2": {
      "exact": 42.86195569780173,
      "f1": 46.59478022099607,
      "total": 11873,
      "HasAns_exact": 85.35762483130904,
      "HasAns_f1": 92.83397867137086,
      "HasAns_total": 5928,
      "NoAns_exact": 0.4878048780487805,
      "NoAns_f1": 0.4878048780487805,
      "NoAns_total": 5945
    },
    "bleu": {
      "bleu": 0.38184982044072824,
      "HasAns_bleu": 0.764794689286904,
      "NoAns_bleu": 0.0
    },
    "rouge": {
      "rouge": {
        "rouge1": {
          "f": 0.41960967586303094,
          "p": 0.4381725756673115,
          "r": 0.42980006295143514
        },
        "rouge2": {
          "f": 0.2649838535664867,
          "p": 0.27901478954708964,
          "r": 0.2706683736893479
        },
        "rougeL": {
          "f": 0.4193926275500814,
          "p": 0.43791256400748513,
          "r": 0.4295451587374376
        }
      },
      "HasAns_rouge": {
        "rouge1": {
          "f": 0.8404226858167622,
          "p": 0.8776017191123464,
          "r": 0.8608326834383249
        },
        "rouge2": {
          "f": 0.5307276135956304,
          "p": 0.558829722721423,
          "r": 0.5421129556028387
        },
        "rougeL": {
          "f": 0.8399879667513691,
          "p": 0.8770809501452211,
          "r": 0.8603221440097161
        }
      },
      "NoAns_rouge": {
        "rouge1": {
          "f": 0.0,
          "p": 0.0,
          "r": 0.0
        },
        "rouge2": {
          "f": 0.0,
          "p": 0.0,
          "r": 0.0
        },
        "rougeL": {
          "f": 0.0,
          "p": 0.0,
          "r": 0.0
        }
      }
    },
    "bertscore": {
      "BERTScore": {
        "Precision": 0.4807750880718231,
        "Recall": 0.4800697863101959,
        "F1": 0.4802669584751129
      },
      "HasAns_BERTScore": {
        "Precision": 0.9629289507865906,
        "Recall": 0.9615163803100586,
        "F1": 0.9619112014770508
      },
      "NoAns_BERTScore": {
        "Precision": 0.0,
        "Recall": 0.0,
        "F1": 0.0
      }
    }
  },
  "G": {
    "evaluate-v2": {
      "exact": 33.21234119782214,
      "f1": 45.981794961866704,
      "total": 2204,
      "HasAns_exact": 33.21234119782214,
      "HasAns_f1": 45.981794961866704,
      "HasAns_total": 2204
    },
    "bleu": {
      "bleu": 0.3410756593131236,
      "HasAns_bleu": 0.3410756593131236,
      "NoAns_bleu": 0.0
    },
    "rouge": {
      "rouge": {
        "rouge1": {
          "f": 0.40759943929325254,
          "p": 0.5347531904473831,
          "r": 0.3934991236608642
        },
        "rouge2": {
          "f": 0.26437563035424627,
          "p": 0.3577861680062225,
          "r": 0.25438473916140275
        },
        "rougeL": {
          "f": 0.4073943503054883,
          "p": 0.5343102728084582,
          "r": 0.3933162414003331
        }
      },
      "HasAns_rouge": {
        "rouge1": {
          "f": 0.40759943929325254,
          "p": 0.5347531904473831,
          "r": 0.3934991236608642
        },
        "rouge2": {
          "f": 0.26437563035424627,
          "p": 0.3577861680062225,
          "r": 0.25438473916140275
        },
        "rougeL": {
          "f": 0.4073943503054883,
          "p": 0.5343102728084582,
          "r": 0.3933162414003331
        }
      },
      "NoAns_rouge": {
        "rouge1": {
          "f": 0.0,
          "p": 0.0,
          "r": 0.0
        },
        "rouge2": {
          "f": 0.0,
          "p": 0.0,
          "r": 0.0
        },
        "rougeL": {
          "f": 0.0,
          "p": 0.0,
          "r": 0.0
        }
      }
    },
    "bertscore": {
      "BERTScore": {
        "Precision": 0.7968356013298035,
        "Recall": 0.7559441924095154,
        "F1": 0.7736278772354126
      },
      "HasAns_BERTScore": {
        "Precision": 0.7968356013298035,
        "Recall": 0.7559441924095154,
        "F1": 0.7736278772354126
      },
      "NoAns_BERTScore": {
        "Precision": 0.0,
        "Recall": 0.0,
        "F1": 0.0
      }
    }
  }
}