{
  "SQuAD": {
    "evaluate-v2": {
      "exact": 42.103933294028465,
      "f1": 45.67169337842289,
      "total": 11873,
      "HasAns_exact": 84.2948717948718,
      "HasAns_f1": 91.44062339440198,
      "HasAns_total": 5928,
      "NoAns_exact": 0.0336417157275021,
      "NoAns_f1": 0.0336417157275021,
      "NoAns_total": 5945
    },
    "bleu": {
      "bleu": 0.37563825404180334,
      "HasAns_bleu": 0.752353743292566,
      "NoAns_bleu": 0.0
    },
    "rouge": {
      "rouge": {
        "rouge1": {
          "f": 0.4122374900158793,
          "p": 0.4335389892494247,
          "r": 0.4205339254966478
        },
        "rouge2": {
          "f": 0.2582940917086005,
          "p": 0.2740862422808854,
          "r": 0.26292064602656096
        },
        "rougeL": {
          "f": 0.4119207146741637,
          "p": 0.4331427028197011,
          "r": 0.42023562858786356
        }
      },
      "HasAns_rouge": {
        "rouge1": {
          "f": 0.8256571725638554,
          "p": 0.8683212583263191,
          "r": 0.8422738355974526
        },
        "rouge2": {
          "f": 0.517328905340117,
          "p": 0.5489584943658827,
          "r": 0.5265952817600132
        },
        "rougeL": {
          "f": 0.8250227134491136,
          "p": 0.8675275490179337,
          "r": 0.8416763863400311
        }
      },
      "NoAns_rouge": {
        "rouge1": {
          "f": 0.0,
          "p": 0.0,
          "r": 0.0
        },
        "rouge2": {
          "f": 0.0,
          "p": 0.0,
          "r": 0.0
        },
        "rougeL": {
          "f": 0.0,
          "p": 0.0,
          "r": 0.0
        }
      }
    },
    "bertscore": {
      "BERTScore": {
        "Precision": 0.47989964485168457,
        "Recall": 0.47880861163139343,
        "F1": 0.4791926443576813
      },
      "HasAns_BERTScore": {
        "Precision": 0.9611755609512329,
        "Recall": 0.9589903950691223,
        "F1": 0.959759533405304
      },
      "NoAns_BERTScore": {
        "Precision": 0.0,
        "Recall": 0.0,
        "F1": 0.0
      }
    }
  },
  "G": {
    "evaluate-v2": {
      "exact": 23.094373865698728,
      "f1": 32.7894892732159,
      "total": 2204,
      "HasAns_exact": 23.094373865698728,
      "HasAns_f1": 32.7894892732159,
      "HasAns_total": 2204
    },
    "bleu": {
      "bleu": 0.24529481470102893,
      "HasAns_bleu": 0.24529481470102893,
      "NoAns_bleu": 0.0
    },
    "rouge": {
      "rouge": {
        "rouge1": {
          "f": 0.29014028812951004,
          "p": 0.3862528087460031,
          "r": 0.28316469272536066
        },
        "rouge2": {
          "f": 0.17795063545696888,
          "p": 0.24272588799585176,
          "r": 0.17394795806129876
        },
        "rougeL": {
          "f": 0.28987464054707185,
          "p": 0.38556790683605585,
          "r": 0.2829670133924616
        }
      },
      "HasAns_rouge": {
        "rouge1": {
          "f": 0.29014028812951004,
          "p": 0.3862528087460031,
          "r": 0.28316469272536066
        },
        "rouge2": {
          "f": 0.17795063545696888,
          "p": 0.24272588799585176,
          "r": 0.17394795806129876
        },
        "rougeL": {
          "f": 0.28987464054707185,
          "p": 0.38556790683605585,
          "r": 0.2829670133924616
        }
      },
      "NoAns_rouge": {
        "rouge1": {
          "f": 0.0,
          "p": 0.0,
          "r": 0.0
        },
        "rouge2": {
          "f": 0.0,
          "p": 0.0,
          "r": 0.0
        },
        "rougeL": {
          "f": 0.0,
          "p": 0.0,
          "r": 0.0
        }
      }
    },
    "bertscore": {
      "BERTScore": {
        "Precision": 0.7540420293807983,
        "Recall": 0.7136617302894592,
        "F1": 0.7312308549880981
      },
      "HasAns_BERTScore": {
        "Precision": 0.7540420293807983,
        "Recall": 0.7136617302894592,
        "F1": 0.7312308549880981
      },
      "NoAns_BERTScore": {
        "Precision": 0.0,
        "Recall": 0.0,
        "F1": 0.0
      }
    }
  }
}