{
  "evaluate-v2": {
    "exact": 42.86195569780173,
    "f1": 46.59478022099607,
    "total": 11873,
    "HasAns_exact": 85.35762483130904,
    "HasAns_f1": 92.83397867137086,
    "HasAns_total": 5928,
    "NoAns_exact": 0.4878048780487805,
    "NoAns_f1": 0.4878048780487805,
    "NoAns_total": 5945
  },
  "bleu": {
    "bleu": 0.38184982044072824
  },
  "rouge": {
    "rouge1": {
      "f": 0.41960967586303094,
      "p": 0.4381725756673115,
      "r": 0.42980006295143514
    },
    "rouge2": {
      "f": 0.2649838535664867,
      "p": 0.27901478954708964,
      "r": 0.2706683736893479
    },
    "rougeL": {
      "f": 0.4193926275500814,
      "p": 0.43791256400748513,
      "r": 0.4295451587374376
    }
  },
  "bertscore": {
    "Precision": 0.4807750880718231,
    "Recall": 0.4800697863101959,
    "F1": 0.4802669584751129
  }
}