{
  "SQuAD": {
    "evaluate-v2": {
      "exact": 37.95165501558157,
      "f1": 41.154289615630724,
      "total": 11873,
      "HasAns_exact": 75.25303643724696,
      "HasAns_f1": 81.66748998083393,
      "HasAns_total": 5928,
      "NoAns_exact": 0.7569386038687973,
      "NoAns_f1": 0.7569386038687973,
      "NoAns_total": 5945
    },
    "bleu": {
      "bleu": 0.3090142144670459,
      "HasAns_bleu": 0.6189146033008158,
      "NoAns_bleu": 0.0
    },
    "rouge": {
      "rouge": {
        "rouge1": {
          "f": 0.37055767994185385,
          "p": 0.38598855754402484,
          "r": 0.38470229753407265
        },
        "rouge2": {
          "f": 0.2331343049080447,
          "p": 0.2441473944125693,
          "r": 0.24227380573236565
        },
        "rougeL": {
          "f": 0.370355586378801,
          "p": 0.3857887938178023,
          "r": 0.3844058737703783
        }
      },
      "HasAns_rouge": {
        "rouge1": {
          "f": 0.7421780252951469,
          "p": 0.7730840323414654,
          "r": 0.7705078236541911
        },
        "rouge2": {
          "f": 0.4669371798537812,
          "p": 0.48899494160938517,
          "r": 0.4852423912719935
        },
        "rougeL": {
          "f": 0.7417732586159758,
          "p": 0.7726839320173359,
          "r": 0.7699141260586542
        }
      },
      "NoAns_rouge": {
        "rouge1": {
          "f": 0.0,
          "p": 0.0,
          "r": 0.0
        },
        "rouge2": {
          "f": 0.0,
          "p": 0.0,
          "r": 0.0
        },
        "rougeL": {
          "f": 0.0,
          "p": 0.0,
          "r": 0.0
        }
      }
    },
    "bertscore": {
      "BERTScore": {
        "Precision": 0.4718913733959198,
        "Recall": 0.46854454278945923,
        "F1": 0.46996039152145386
      },
      "HasAns_BERTScore": {
        "Precision": 0.9451358914375305,
        "Recall": 0.9384327530860901,
        "F1": 0.9412685036659241
      },
      "NoAns_BERTScore": {
        "Precision": 0.0,
        "Recall": 0.0,
        "F1": 0.0
      }
    },
    "overall": 19.96804118986429
  }
}