{
  "SQuAD": {
    "evaluate-v2": {
      "exact": 37.95165501558157,
      "f1": 41.15428961563071,
      "total": 11873,
      "HasAns_exact": 75.25303643724696,
      "HasAns_f1": 81.6674899808339,
      "HasAns_total": 5928,
      "NoAns_exact": 0.7569386038687973,
      "NoAns_f1": 0.7569386038687973,
      "NoAns_total": 5945
    },
    "bleu": {
      "bleu": 0.3090142144670412,
      "HasAns_bleu": 0.6189146033008064,
      "NoAns_bleu": 0.0
    },
    "rouge": {
      "rouge": {
        "rouge1": {
          "f": 0.37055767994185385,
          "p": 0.38598855754402484,
          "r": 0.38470229753407265
        },
        "rouge2": {
          "f": 0.2331343049080447,
          "p": 0.2441473944125693,
          "r": 0.24227380573236565
        },
        "rougeL": {
          "f": 0.370355586378801,
          "p": 0.3857887938178023,
          "r": 0.3844058737703783
        }
      },
      "HasAns_rouge": {
        "rouge1": {
          "f": 0.7421780252951469,
          "p": 0.7730840323414654,
          "r": 0.7705078236541911
        },
        "rouge2": {
          "f": 0.4669371798537812,
          "p": 0.48899494160938517,
          "r": 0.4852423912719935
        },
        "rougeL": {
          "f": 0.7417732586159758,
          "p": 0.7726839320173359,
          "r": 0.7699141260586542
        }
      },
      "NoAns_rouge": {
        "rouge1": {
          "f": 0.0,
          "p": 0.0,
          "r": 0.0
        },
        "rouge2": {
          "f": 0.0,
          "p": 0.0,
          "r": 0.0
        },
        "rougeL": {
          "f": 0.0,
          "p": 0.0,
          "r": 0.0
        }
      }
    },
    "bertscore": {
      "BERTScore": {
        "Precision": 0.4718913733959198,
        "Recall": 0.46854454278945923,
        "F1": 0.46996039152145386
      },
      "HasAns_BERTScore": {
        "Precision": 0.9451360702514648,
        "Recall": 0.9384327530860901,
        "F1": 0.9412685036659241
      },
      "NoAns_BERTScore": {
        "Precision": 0.0,
        "Recall": 0.0,
        "F1": 0.0
      }
    },
    "overall": 19.968041189864287
  },
  "G": {
    "evaluate-v2": {
      "exact": 0.8166969147005445,
      "f1": 1.7128218165249223,
      "total": 2204,
      "HasAns_exact": 0.8166969147005445,
      "HasAns_f1": 1.7128218165249223,
      "HasAns_total": 2204
    },
    "bleu": {
      "bleu": 0.011954972337511287,
      "HasAns_bleu": 0.011954972337511287,
      "NoAns_bleu": 0.0
    },
    "rouge": {
      "rouge": {
        "rouge1": {
          "f": 0.01822350304411728,
          "p": 0.040121937503562445,
          "r": 0.020151440009738408
        },
        "rouge2": {
          "f": 0.00771664659689734,
          "p": 0.011304542652829498,
          "r": 0.00972755290788654
        },
        "rougeL": {
          "f": 0.01805770201974057,
          "p": 0.03991975695591199,
          "r": 0.019956534151833457
        }
      },
      "HasAns_rouge": {
        "rouge1": {
          "f": 0.01822350304411728,
          "p": 0.040121937503562445,
          "r": 0.020151440009738408
        },
        "rouge2": {
          "f": 0.00771664659689734,
          "p": 0.011304542652829498,
          "r": 0.00972755290788654
        },
        "rougeL": {
          "f": 0.01805770201974057,
          "p": 0.03991975695591199,
          "r": 0.019956534151833457
        }
      },
      "NoAns_rouge": {
        "rouge1": {
          "f": 0.0,
          "p": 0.0,
          "r": 0.0
        },
        "rouge2": {
          "f": 0.0,
          "p": 0.0,
          "r": 0.0
        },
        "rougeL": {
          "f": 0.0,
          "p": 0.0,
          "r": 0.0
        }
      }
    },
    "bertscore": {
      "BERTScore": {
        "Precision": 0.5912732481956482,
        "Recall": 0.5850265026092529,
        "F1": 0.5867729187011719
      },
      "HasAns_BERTScore": {
        "Precision": 0.5912732481956482,
        "Recall": 0.5850265026092529,
        "F1": 0.5867729187011719
      },
      "NoAns_BERTScore": {
        "Precision": 0.0,
        "Recall": 0.0,
        "F1": 0.0
      }
    },
    "overall": 0.7351772816494373
  }
}