{
  "SQuAD": {
    "evaluate-v2": {
      "exact": 39.32451781352649,
      "f1": 43.480587327373975,
      "total": 11873,
      "HasAns_exact": 78.76180836707152,
      "HasAns_f1": 87.08586594769082,
      "HasAns_total": 5928,
      "NoAns_exact": 0.0,
      "NoAns_f1": 0.0,
      "NoAns_total": 5945
    },
    "bleu": {
      "bleu": 0.31273066288220347,
      "HasAns_bleu": 0.626358157962281,
      "NoAns_bleu": 0.0
    },
    "rouge": {
      "rouge": {
        "rouge1": {
          "f": 0.39302430916907993,
          "p": 0.413765968863669,
          "r": 0.4044931077761452
        },
        "rouge2": {
          "f": 0.24352085468734386,
          "p": 0.25904882711923877,
          "r": 0.24938377791960614
        },
        "rougeL": {
          "f": 0.39282078308973545,
          "p": 0.41345650685539465,
          "r": 0.404328457973972
        }
      },
      "HasAns_rouge": {
        "rouge1": {
          "f": 0.7871757123421872,
          "p": 0.8287185135489781,
          "r": 0.8101461991609603
        },
        "rouge2": {
          "f": 0.48774006540196246,
          "p": 0.5188405405510664,
          "r": 0.4994827252428279
        },
        "rougeL": {
          "f": 0.7867680765223395,
          "p": 0.8280987020739037,
          "r": 0.8098164273827546
        }
      },
      "NoAns_rouge": {
        "rouge1": {
          "f": 0.0,
          "p": 0.0,
          "r": 0.0
        },
        "rouge2": {
          "f": 0.0,
          "p": 0.0,
          "r": 0.0
        },
        "rougeL": {
          "f": 0.0,
          "p": 0.0,
          "r": 0.0
        }
      }
    },
    "bertscore": {
      "BERTScore": {
        "Precision": 0.4698624312877655,
        "Recall": 0.4712611436843872,
        "F1": 0.47034919261932373
      },
      "HasAns_BERTScore": {
        "Precision": 0.9410722255706787,
        "Recall": 0.9438737034797668,
        "F1": 0.9420472979545593
      },
      "NoAns_BERTScore": {
        "Precision": 0.0,
        "Recall": 0.0,
        "F1": 0.0
      }
    }
  },
  "G": {
    "evaluate-v2": {
      "exact": 48.63883847549909,
      "f1": 65.88624475956291,
      "total": 2204,
      "HasAns_exact": 48.63883847549909,
      "HasAns_f1": 65.88624475956291,
      "HasAns_total": 2204
    },
    "bertscore": {
      "BERTScore": {
        "Precision": 0.8520274758338928,
        "Recall": 0.8114915490150452,
        "F1": 0.8291067481040955
      },
      "HasAns_BERTScore": {
        "Precision": 0.8520274758338928,
        "Recall": 0.8114915490150452,
        "F1": 0.8291067481040955
      },
      "NoAns_BERTScore": {
        "Precision": 0.0,
        "Recall": 0.0,
        "F1": 0.0
      }
    },
    "bleu": {
      "bleu": 0.45166271676457087,
      "HasAns_bleu": 0.45166271676457087,
      "NoAns_bleu": 0.0
    },
    "rouge": {
      "rouge": {
        "rouge1": {
          "f": 0.5796282443022621,
          "p": 0.7468277361879906,
          "r": 0.5472182942231145
        },
        "rouge2": {
          "f": 0.386071643948422,
          "p": 0.5248566819347219,
          "r": 0.3597020153590864
        },
        "rougeL": {
          "f": 0.5791314245117261,
          "p": 0.7454009881528035,
          "r": 0.5468793577965201
        }
      },
      "HasAns_rouge": {
        "rouge1": {
          "f": 0.5796282443022621,
          "p": 0.7468277361879906,
          "r": 0.5472182942231145
        },
        "rouge2": {
          "f": 0.386071643948422,
          "p": 0.5248566819347219,
          "r": 0.3597020153590864
        },
        "rougeL": {
          "f": 0.5791314245117261,
          "p": 0.7454009881528035,
          "r": 0.5468793577965201
        }
      },
      "NoAns_rouge": {
        "rouge1": {
          "f": 0.0,
          "p": 0.0,
          "r": 0.0
        },
        "rouge2": {
          "f": 0.0,
          "p": 0.0,
          "r": 0.0
        },
        "rougeL": {
          "f": 0.0,
          "p": 0.0,
          "r": 0.0
        }
      }
    }
  }
}