{
  "SQuAD": {
    "evaluate-v2": {
      "exact": 39.32451781352649,
      "f1": 43.480587327373975,
      "total": 11873,
      "HasAns_exact": 78.76180836707152,
      "HasAns_f1": 87.08586594769082,
      "HasAns_total": 5928,
      "NoAns_exact": 0.0,
      "NoAns_f1": 0.0,
      "NoAns_total": 5945
    },
    "bleu": {
      "bleu": 0.31273066288220347
    },
    "rouge": {
      "rouge1": {
        "f": 0.39302430916907993,
        "p": 0.413765968863669,
        "r": 0.4044931077761452
      },
      "rouge2": {
        "f": 0.24352085468734386,
        "p": 0.25904882711923877,
        "r": 0.24938377791960614
      },
      "rougeL": {
        "f": 0.39282078308973545,
        "p": 0.41345650685539465,
        "r": 0.404328457973972
      }
    },
    "bertscore": {
      "Precision": 0.4698624312877655,
      "Recall": 0.4712611436843872,
      "F1": 0.4703492820262909
    }
  }
}