{
  "SQuAD": {
    "exact": 5.5504084898509225,
    "f1": 11.317920829993506,
    "total": 11873,
    "HasAns_exact": 9.564777327935223,
    "HasAns_f1": 21.116341770329445,
    "HasAns_total": 5928,
    "NoAns_exact": 1.5475189234650968,
    "NoAns_f1": 1.5475189234650968,
    "NoAns_total": 5945,
    "evaluate-v2": {
      "exact": 5.5504084898509225,
      "f1": 11.317920829993506,
      "total": 11873,
      "HasAns_exact": 9.564777327935223,
      "HasAns_f1": 21.116341770329445,
      "HasAns_total": 5928,
      "NoAns_exact": 1.5475189234650968,
      "NoAns_f1": 1.5475189234650968,
      "NoAns_total": 5945
    },
    "bleu": {
      "bleu": 0.08213492418300161,
      "HasAns_bleu": 0.1645053904900098,
      "NoAns_bleu": 0.0
    },
    "rouge": {
      "rouge": {
        "rouge1": {
          "f": 0.09945623381259577,
          "p": 0.08956173720731515,
          "r": 0.2081291984697025
        },
        "rouge2": {
          "f": 0.04476093692162174,
          "p": 0.03981995872880239,
          "r": 0.09273700733032203
        },
        "rougeL": {
          "f": 0.09680784634532524,
          "p": 0.08753560247357335,
          "r": 0.20174058133459896
        }
      },
      "HasAns_rouge": {
        "rouge1": {
          "f": 0.19919768287060552,
          "p": 0.17938031475412497,
          "r": 0.4168552586759071
        },
        "rouge2": {
          "f": 0.08965023685398361,
          "p": 0.07975411099646942,
          "r": 0.1857399608692499
        },
        "rougeL": {
          "f": 0.1938933130327339,
          "p": 0.17532223484627807,
          "r": 0.4040597034726203
        }
      },
      "NoAns_rouge": {
        "rouge1": {
          "f": 0.0,
          "p": 0.0,
          "r": 0.0
        },
        "rouge2": {
          "f": 0.0,
          "p": 0.0,
          "r": 0.0
        },
        "rougeL": {
          "f": 0.0,
          "p": 0.0,
          "r": 0.0
        }
      }
    },
    "bertscore": {
      "BERTScore": {
        "Precision": 0.41700509190559387,
        "Recall": 0.4252542555332184,
        "F1": 0.42065465450286865
      },
      "HasAns_BERTScore": {
        "Precision": 0.8352059721946716,
        "Recall": 0.851728081703186,
        "F1": 0.8425157070159912
      },
      "NoAns_BERTScore": {
        "Precision": 0.0,
        "Recall": 0.0,
        "F1": 0.0
      }
    }
  }
}