{
  "exact": 5.5504084898509225,
  "f1": 11.317920829993506,
  "total": 11873,
  "HasAns_exact": 9.564777327935223,
  "HasAns_f1": 21.116341770329445,
  "HasAns_total": 5928,
  "NoAns_exact": 1.5475189234650968,
  "NoAns_f1": 1.5475189234650968,
  "NoAns_total": 5945,
  "evaluate-v2": {
    "exact": 5.5504084898509225,
    "f1": 11.317920829993506,
    "total": 11873,
    "HasAns_exact": 9.564777327935223,
    "HasAns_f1": 21.116341770329445,
    "HasAns_total": 5928,
    "NoAns_exact": 1.5475189234650968,
    "NoAns_f1": 1.5475189234650968,
    "NoAns_total": 5945
  },
  "bleu": {
    "bleu": 0.08213492418300161
  },
  "rouge": {
    "rouge1": {
      "f": 0.09945623381259577,
      "p": 0.08956173720731515,
      "r": 0.2081291984697025
    },
    "rouge2": {
      "f": 0.04476093692162174,
      "p": 0.03981995872880239,
      "r": 0.09273700733032203
    },
    "rougeL": {
      "f": 0.09680784634532524,
      "p": 0.08753560247357335,
      "r": 0.20174058133459896
    }
  },
  "bertscore": {
    "Precision": 0.41700509190559387,
    "Recall": 0.4252542555332184,
    "F1": 0.42065465450286865
  }
}