{
  "SQuAD": {
    "evaluate-v2": {
      "exact": 14.722479575507453,
      "f1": 26.611465808476588,
      "total": 11873,
      "HasAns_exact": 28.18825910931174,
      "HasAns_f1": 52.000326171397184,
      "HasAns_total": 5928,
      "NoAns_exact": 1.295206055508831,
      "NoAns_f1": 1.295206055508831,
      "NoAns_total": 5945
    },
    "bleu": {
      "bleu": 0.18577462565795574,
      "HasAns_bleu": 0.3720820058091951,
      "NoAns_bleu": 0.0
    },
    "rouge": {
      "rouge": {
        "rouge1": {
          "f": 0.23732986317465865,
          "p": 0.21540684170808405,
          "r": 0.393768932885725
        },
        "rouge2": {
          "f": 0.13594239718590806,
          "p": 0.12045470720145551,
          "r": 0.24630893474321167
        },
        "rougeL": {
          "f": 0.2357894817600749,
          "p": 0.2140453689272908,
          "r": 0.391074270563731
        }
      },
      "HasAns_rouge": {
        "rouge1": {
          "f": 0.4753403281836576,
          "p": 0.43143141558705833,
          "r": 0.7886670951673773
        },
        "rouge2": {
          "f": 0.27227464267683643,
          "p": 0.24125484794245639,
          "r": 0.49332422101993123
        },
        "rougeL": {
          "f": 0.47225514793140505,
          "p": 0.42870456566695747,
          "r": 0.7832700429155159
        }
      },
      "NoAns_rouge": {
        "rouge1": {
          "f": 0.0,
          "p": 0.0,
          "r": 0.0
        },
        "rouge2": {
          "f": 0.0,
          "p": 0.0,
          "r": 0.0
        },
        "rougeL": {
          "f": 0.0,
          "p": 0.0,
          "r": 0.0
        }
      }
    },
    "bertscore": {
      "BERTScore": {
        "Precision": 0.43465471267700195,
        "Recall": 0.44757702946662903,
        "F1": 0.4407574236392975
      },
      "HasAns_BERTScore": {
        "Precision": 0.8705559372901917,
        "Recall": 0.8964375853538513,
        "F1": 0.8827788829803467
      },
      "NoAns_BERTScore": {
        "Precision": 0.0,
        "Recall": 0.0,
        "F1": 0.0
      }
    },
    "overall": 10.477206601172233
  }
}