{
  "evaluate-v2": {
    "exact": 14.722479575507453,
    "f1": 26.61146580847636,
    "total": 11873,
    "HasAns_exact": 28.18825910931174,
    "HasAns_f1": 52.000326171396765,
    "HasAns_total": 5928,
    "NoAns_exact": 1.295206055508831,
    "NoAns_f1": 1.295206055508831,
    "NoAns_total": 5945
  },
  "bleu": {
    "bleu": 0.18577462565795572
  },
  "rouge": {
    "rouge1": {
      "f": 0.23732986317465865,
      "p": 0.21540684170808405,
      "r": 0.393768932885725
    },
    "rouge2": {
      "f": 0.13594239718590806,
      "p": 0.12045470720145551,
      "r": 0.24630893474321167
    },
    "rougeL": {
      "f": 0.2357894817600749,
      "p": 0.2140453689272908,
      "r": 0.391074270563731
    }
  },
  "bertscore": {
    "Precision": 0.43465471267700195,
    "Recall": 0.44757702946662903,
    "F1": 0.4407573640346527
  }
}