{
  "SQuAD": {
    "evaluate-v2": {
      "exact": 36.93253600606418,
      "f1": 41.97579679255722,
      "total": 11873,
      "HasAns_exact": 71.00202429149797,
      "HasAns_f1": 81.10300865688797,
      "HasAns_total": 5928,
      "NoAns_exact": 2.960470984020185,
      "NoAns_f1": 2.960470984020185,
      "NoAns_total": 5945
    },
    "bleu": {
      "bleu": 0.3434608420672477,
      "HasAns_bleu": 0.6879066426896815,
      "NoAns_bleu": 0.0
    },
    "rouge": {
      "rouge": {
        "rouge1": {
          "f": 0.3932252734293116,
          "p": 0.4076797392089635,
          "r": 0.41223964439329
        },
        "rouge2": {
          "f": 0.24785514816399015,
          "p": 0.25880571344156283,
          "r": 0.2601074393574623
        },
        "rougeL": {
          "f": 0.39291613819069043,
          "p": 0.40732430021727006,
          "r": 0.41181374941575866
        }
      },
      "HasAns_rouge": {
        "rouge1": {
          "f": 0.787578217177162,
          "p": 0.816528600477062,
          "r": 0.8256614874968845
        },
        "rouge2": {
          "f": 0.4964210820092873,
          "p": 0.5183536160073676,
          "r": 0.5209608008588309
        },
        "rougeL": {
          "f": 0.7869590601784864,
          "p": 0.8158167031848258,
          "r": 0.8248084761830807
        }
      },
      "NoAns_rouge": {
        "rouge1": {
          "f": 0.0,
          "p": 0.0,
          "r": 0.0
        },
        "rouge2": {
          "f": 0.0,
          "p": 0.0,
          "r": 0.0
        },
        "rougeL": {
          "f": 0.0,
          "p": 0.0,
          "r": 0.0
        }
      }
    },
    "bertscore": {
      "BERTScore": {
        "Precision": 0.46670737862586975,
        "Recall": 0.46812596917152405,
        "F1": 0.4672350585460663
      },
      "HasAns_BERTScore": {
        "Precision": 0.9347530603408813,
        "Recall": 0.9375944137573242,
        "F1": 0.9358100295066833
      },
      "NoAns_BERTScore": {
        "Precision": 0.0,
        "Recall": 0.0,
        "F1": 0.0
      }
    },
    "overall": 19.927685206122685
  },
  "G": {
    "evaluate-v2": {
      "exact": 1.134301270417423,
      "f1": 3.459674677217977,
      "total": 2204,
      "HasAns_exact": 1.134301270417423,
      "HasAns_f1": 3.459674677217977,
      "HasAns_total": 2204
    },
    "bleu": {
      "bleu": 0.02458107877981533,
      "HasAns_bleu": 0.02458107877981533,
      "NoAns_bleu": 0.0
    },
    "rouge": {
      "rouge": {
        "rouge1": {
          "f": 0.0312883295463381,
          "p": 0.031741274161625595,
          "r": 0.06577288665118758
        },
        "rouge2": {
          "f": 0.023165042869068134,
          "p": 0.0227452091250765,
          "r": 0.049281101265033794
        },
        "rougeL": {
          "f": 0.030632383947580413,
          "p": 0.03107260446015858,
          "r": 0.06435192036908904
        }
      },
      "HasAns_rouge": {
        "rouge1": {
          "f": 0.0312883295463381,
          "p": 0.031741274161625595,
          "r": 0.06577288665118758
        },
        "rouge2": {
          "f": 0.023165042869068134,
          "p": 0.0227452091250765,
          "r": 0.049281101265033794
        },
        "rougeL": {
          "f": 0.030632383947580413,
          "p": 0.03107260446015858,
          "r": 0.06435192036908904
        }
      },
      "NoAns_rouge": {
        "rouge1": {
          "f": 0.0,
          "p": 0.0,
          "r": 0.0
        },
        "rouge2": {
          "f": 0.0,
          "p": 0.0,
          "r": 0.0
        },
        "rougeL": {
          "f": 0.0,
          "p": 0.0,
          "r": 0.0
        }
      }
    },
    "bertscore": {
      "BERTScore": {
        "Precision": NaN,
        "Recall": 0.5720491409301758,
        "F1": 0.09255713224411011
      },
      "HasAns_BERTScore": {
        "Precision": NaN,
        "Recall": 0.5720491409301758,
        "F1": 0.09255713224411011
      },
      "NoAns_BERTScore": {
        "Precision": 0.0,
        "Recall": 0.0,
        "F1": 0.0
      }
    },
    "overall": 1.173122419404101
  }
}